[
    { "id": 123, "name": "mobile", "price": 1200, "description": "samsung", "imageUrl": "image1.jpg" },
    { "id": 124, "name": "laptop", "price": 120000, "description": "lenovo", "imageUrl": "image2.jpg" },
    { "id": 125, "name": "laptop", "price": 200000, "description": "sony", "imageUrl": "image3.jpg" },
    { "id": 126, "name": "laptop", "price": 300000, "description": "dell", "imageUrl": "image4.jpg" },
    { "id": 112, "name": "samsung", "price": 90000, "description": "mobile", "imageUrl": "image5.jpg" }
]